<tab>
  <Panel panelname="HOME" paneltitle="">
    <Button buttonAssemblypath="C:\Users\XU\Desktop\AssemblyTools\dlls2016\装配式机房.dll" buttonFullclassname="AssemblyMachineRoom.Cmd_HomeButton" buttonName="home" buttonText="HOME" buttonTooltip="工具仓库" buttonImg="C:/Users/XU/Desktop/AssemblyTools/icos/Home.png" />
    <Button buttonAssemblypath="C:\Users\XU\Desktop\AssemblyTools\dlls2016\装配式机房.dll" buttonFullclassname="AssemblyMachineRoom.Cmd_uiConfig" buttonName="settings" buttonText="ConFig" buttonTooltip="导入导出设置" buttonImg="C:/Users/XU/Desktop/AssemblyTools/icos/Setting.png" />
    <Button buttonAssemblypath="C:\Users\XU\Desktop\AssemblyTools\dlls2016\装配式机房.dll" buttonFullclassname="AssemblyMachineRoom.Cmd_DynamicAddButton_custom" buttonName="ADDBTN" buttonText="ADD" buttonTooltip="动态添加命令" buttonImg="C:/Users/XU/Desktop/AssemblyTools/icos/MoveWallsXLarge.png" />
    <Button buttonAssemblypath="C:\Users\XU\Desktop\AssemblyTools\dlls2016\装配式机房.dll" buttonFullclassname="AssemblyMachineRoom.Cmd_DynamicRemoveButton" buttonName="REMOVE" buttonText="REM" buttonTooltip="动态删除命令" buttonImg="C:/Users/XU/Desktop/AssemblyTools/icos/DeleteRegion.ico" />
    <Button buttonAssemblypath="C:\Users\XU\Desktop\AssemblyTools\dlls2016\装配式机房.dll" buttonFullclassname="AssemblyMachineRoom.Cmd_Reset" buttonName="RESET" buttonText="RESET" buttonTooltip="重置UI" buttonImg="C:/Users/XU/Desktop/AssemblyTools/icos/Reset.png" />
    <Button buttonAssemblypath="C:\Users\XU\Desktop\AssemblyTools\dlls2016\装配式机房.dll" buttonFullclassname="AssemblyMachineRoom.Cmd_copyrights" buttonName="about" buttonText="版权说明" buttonTooltip="版权说明" buttonImg="C:/Users/XU/Desktop/AssemblyTools/icos/About.png" />
  </Panel>
  <Panel panelname="图层控制" paneltitle="">
    <Button buttonAssemblypath="C:\\Users\\XU\\source\\repos\\Revit机电工具集\\Revit机电工具集\\bin\\Debug\\Revit机电工具集.dll" buttonFullclassname="Revit机电工具集.HideDwgLayer" buttonName="关闭图层" buttonText="关闭图层" buttonTooltip="关闭图层" buttonImg="C:/Users/XU/Desktop/AssemblyTools/icos/pngLib1/formula-3.png" />
    <Button buttonAssemblypath="C:\\Users\\XU\\source\\repos\\Revit机电工具集\\Revit机电工具集\\bin\\Debug\\Revit机电工具集.dll" buttonFullclassname="Revit机电工具集.IsolateDwgLayer" buttonName="隔离图层" buttonText="隔离图层" buttonTooltip="隔离图层" buttonImg="C:/Users/XU/Desktop/AssemblyTools/icos/pngLib1/formula-3.png" />
    <Button buttonAssemblypath="C:\\Users\\XU\\source\\repos\\Revit机电工具集\\Revit机电工具集\\bin\\Debug\\Revit机电工具集.dll" buttonFullclassname="Revit机电工具集.LayerWalker" buttonName="图层管理" buttonText="图层管理" buttonTooltip="图层管理" buttonImg="C:/Users/XU/Desktop/AssemblyTools/icos/pngLib1/formula-3.png" />
    <Button buttonAssemblypath="C:\\Users\\XU\\source\\repos\\Revit机电工具集\\Revit机电工具集\\bin\\Debug\\Revit机电工具集.dll" buttonFullclassname="Revit机电工具集.LayerWalker" buttonName="图层管理1" buttonText="图层管理1" buttonTooltip="图层管理1" buttonImg="C:/Users/XU/Desktop/AssemblyTools/icos/pngLib1/fc-8.png" />
  </Panel>
</tab>